content,labels
快递 隔天就到 发 顺丰 ,配送快
轻薄 ,轻薄
炒鸡 棒 ,整体满意度佳
贼 好看 ,颜色外形美观
衣服 挺 厚 ,厚实
好 ,整体满意度佳
总体 满意 ,整体满意度佳
真 好看 ,颜色外形美观
舒服 ,舒适度佳
总 得 性价比 还 算 蛮 高 ,性价比高
很 好看 ,颜色外形美观
点 下 单 发货 超 快 ,发货快
码 刚刚 合适 ,尺码合适
码 包 得 很 舒服 ,舒适度佳
码 码 竟然 一样 大 ,尺码偏差
正品 ,原装正品
赞 ,整体满意度佳
号 正常 版 大小 正好 有点 宽松 ,尺码合适
号 款 大小 正好 有点 宽松 ,尺码合适
加 码 刚刚 好 ,尺码合适
穿 袖口 都 大 ,偏大
正品 ,原装正品
买 有点 大了 ,偏大
正好 ,尺码合适
穿着 也 大了 ,偏大
买 码 感觉 大了 ,偏大
很 合适 ,尺码合适
穿 刚刚 好 ,尺码合适
穿着 特别 合适 ,尺码合适
钱 券 有点 小贵 很 快 就 到 账 ,性价比低
零分 钟 回 一次 话 不 说 ,回复速度慢
号 尺码 很 标准 ,尺码合适
号 就 到 ,配送快
拍 号 就 到 ,配送快
多 偏小 ,偏小
买 码 刚好 ,尺码合适
都 穿 小 ,偏小
穿 码 正 合适 ,尺码合适
穿 码 合适 ,尺码合适
近 合适 ,尺码合适
双十一 买 很 划算 ,性价比高
双十一 划算 ,性价比高
双十一 活动 买 ,优惠活动
双十一 非常 划算 ,性价比高
穿 号 正好 ,尺码合适
件 衣服 号 正好 ,尺码合适
穿 刚好 合身 ,尺码合适
刚刚 好 ,尺码合适
穿 合适 ,尺码合适
价格 是 真 便宜 ,性价比高
号 客服 态度 棒 棒 ,客服态度好
多 还 可以 ,整体满意度佳
刚好 ,尺码合适
打折 就 入手 ,优惠活动
穿 号 很 宽松 袖子 还 长 ,偏长
穿 刚好 ,尺码合适
穿 起来 还是 很大 ,偏大
穿 码 合适 ,尺码合适
穿 码 刚好 ,尺码合适
穿 还 很大 ,偏大
点 买 都 没 雨伞 送 ,期待赠品
买 最 大的 ,行为建议
穿 号 有点 短 ,偏短
穿着 正 合适 ,尺码合适
穿 正好 ,尺码合适
刚好 ,尺码合适
价格 降 得 太 夸张 ,价格波动
大小 合身 ,尺码合适
号 发货 号 物流 信息 卡 在 不 动 ,发货慢
天才 发货 ,发货慢
穿 码 正好 号 ,尺码合适
穿 合适 ,尺码合适
买 号 刚好 ,尺码合适
码 有点 勒 脖子 领口 做工 自己 看 ,做工粗糙
穿 号 刚刚 好 ,尺码合适
号 刚好 ,尺码合适
还是 值得 买 ,性价比高
穿 正好 ,尺码合适
穿 上 领子 有点 大 ,偏大
码 合适 ,尺码合适
号 很 合适 发货 超 快 ,尺码合适
码 正好 哈 烟 灰色 很 特别 折扣 也 划算 不 掉色 ,优惠活动
买了 号 挺 合适 ,尺码合适
体重 合适 好看 ,尺码合适
穿 一点点 长 ,偏长
码 合适 ,尺码合适
选 尺码 感觉 仍然 大 ,偏大
裤腿 宽 了点 ,偏宽
买了 刚刚 好 ,尺码合适
刚刚 好 ,尺码合适
高 穿 刚好 ,尺码合适
略 紧 快递 很 快 ,配送快
九九 还 不错 ,整体满意度佳
九九 价钱 做工 竟然 差 ,做工粗糙
天 降 ,价格波动
脚 拍 码 正好 ,尺码合适
穿 正好 ,尺码合适
穿 起来 微 大 ,偏大
买 号 合身 ,尺码合适
感觉 有点 大 ,偏大
刚好 ,尺码合适
码 刚好 ,尺码合适
宽松 很 舒服 ,宽松
宽松 很 舒服 ,舒适度佳
尺寸 合适 宽松 款 仅 供 参考 ,尺码合适
大小 很 合适 ,尺码合适
正好 ,尺码合适
腰 稍微 大了 不过 不 碍事 有 松紧 带 ,偏大
穿 最 号 还是 有点 大 ,偏大
穿 码 ,尺码合适
穿 刚刚 好 ,尺码合适
穿 码 合适 ,尺码合适
腰 粗 圆 胸 围 合适 腰 略 松 正常 身材 可以 ,尺码合适
尺寸 完美 ,尺码合适
穿 刚好 合适 ,尺码合适
穿 宽松 ,宽松
刚好 在 小一码 也 行 ,尺码合适
合适 ,尺码合适
穿 略微 有点 小 ,偏小
穿 正好 ,尺码合适
有点 大了 ,偏大
有点 大了 很 薄 总体 可以 ,偏薄
穿着 合适 ,尺码合适
穿 号 正 合适 ,尺码合适
码 可以 穿 ,整体满意度佳
很 合身 ,尺码合适
穿 正好 ,尺码合适
刚好 想 宽松 可以 码 不过 款型 比较 长 快递 速度 真的 快 ,尺码合适
刚好 想 宽松 可以 码 不过 款型 比较 长 快递 速度 真的 快 ,配送快
刚好 ,尺码合适
买 大小 正 合适 ,尺码合适
买 一如既往 好看 ,颜色外形美观
软软 好 舒服 顺丰 物流 很 给力 ,舒适度佳
软软 好 舒服 顺丰 物流 很 给力 ,配送快
号 舒服 不 粘 身 喜欢 黑色 耐脏 又 酷 ,耐脏
刚刚 好 软软 很 舒服 好看 ,尺码合适
刚刚 好 软软 很 舒服 好看 ,舒适度佳
刚刚 好 软软 很 舒服 好看 ,颜色外形美观
号 正好 ,尺码合适
号 衣服 肩 略 小 不算 特别 宽松 ,偏小
高 很 合适 有 富裕 ,尺码合适
号 基本 合身 略 宽松 ,宽松
尺码 合适 ,尺码合适
买了 号 正好 ,尺码合适
还 送 帽子 很 赞 ,促销赠品
大小 合适 ,尺码合适
选 码 腰 刚好 裤腿 有点 长 准备 自己 截 ,偏长
很 合适 略 宽松 ,尺码合适
买了 合身 ,尺码合适
买 刚刚 好 ,尺码合适
码 完美 ,尺码合适
穿 号 觉得 还 挺 合适 ,尺码合适
刚刚 好 ,尺码合适
可以 背 ,整体满意度佳
号 正 合适 ,尺码合适
确实 有点 短 ,偏短
穿 有点 大 ,偏大
身高 体重 码 刚刚 好 ,尺码合适
穿 正好 颜色 很 美腻 ,尺码合适
穿 正好 颜色 很 美腻 ,颜色外形美观
码 刚刚 好 ,尺码合适
码 有点 宽松 偏大 就 不 换 ,偏大
大小 合适 不能 再 胖 ,尺码合适
正好 ,尺码合适
穿 款 号 正好 ,尺码合适
尺码 合适 ,尺码合适
买了 觉得 正好 ,尺码合适
穿着 正好 ,尺码合适
大了 一点点 ,偏大
正好 ,尺码合适
正好 ,尺码合适
穿 刚好 ,尺码合适
号 合适 ,尺码合适
穿 有点 大了 ,偏大
穿 有点 大了 衣服 很 好看 ,颜色外形美观
脱 时候 费劲 ,穿脱困难
正好 号 ,尺码合适
高 穿 号 正好 ,尺码合适
很 合适 ,尺码合适
号 才 发货 ,发货慢
很 合适 ,尺码合适
正好 感觉 袖子 有点 短 ,偏短
自己 选 码 合身 ,尺码合适
码 刚好 红 标 款 是 觉得 最好 看 ,尺码合适
码 刚好 红 标 款 是 觉得 最好 看 ,颜色外形美观
刚刚 好 ,尺码合适
合适 ,尺码合适
穿 合身 供 参考 ,尺码合适
穿 小 ,偏小
正 合适 ,尺码合适
买 码 真的 好大 ,行为建议
买 大了 ,偏大
约 穿 上 有点 想 衣 不过 很 好看 ,颜色外形美观
刚刚 好 ,尺码合适
码 有点 短 ,偏短
码 合身 ,尺码合适
穿 刚刚 好 ,尺码合适
正好 ,尺码合适
码 刚刚 好 ,尺码合适
穿 正好 ,尺码合适
购买 大小 合适 ,尺码合适
穿 码 正好 ,尺码合适
居然 合适 ,尺码合适
重 码 合身 还 能 套 衣服 尺码 很 对 ,尺码合适
穿 正 合适 ,尺码合适
大小 穿着 刚好 ,尺码合适
穿 码 刚刚 好 ,尺码合适
穿 码 刚刚 好 ,尺码合适
穿 超级大 ,偏大
买 很 合身 ,尺码合适
码 正好 ,尺码合适
穿 上 很 显瘦 又 有型 版型 真 好 面料 次 大爱 超赞 ,版型不错
尺寸 正好 很 好看 挺 难得 遇到 这样 立 领 ,尺码合适
尺寸 正好 很 好看 挺 难得 遇到 这样 立 领 ,颜色外形美观
体重 选择 码 刚刚 好 ,尺码合适
匀称 体型 穿 合适 ,尺码合适
匀称 体型 穿 码 刚 合适 ,尺码合适
表示 穿 刚好 ,尺码合适
身高 合适 ,尺码合适
穿 号 合适 ,尺码合适
码 推荐 给 码 什么鬼 ,业务知识欠缺
穿 正好 ,尺码合适
正好 ,尺码合适
不错 ,整体满意度佳
穿 码 非常 合身 ,尺码合适
刚好 ,尺码合适
合身 ,尺码合适
身材 均 穿 还 偏大 很多 可怕 码数 应该 是 正品 ,原装正品
尺码 刚好 ,尺码合适
穿 正好 ,尺码合适
号 正好 ,尺码合适
合身 ,尺码合适
号 正好 ,尺码合适
号 长 ,偏长
正好 ,尺码合适
刚好 合身 ,尺码合适
真 真 好 ,整体满意度佳
码 店 里 买 一样 大 ,与实体店不一致
穿 号 刚刚 合身 ,尺码合适
身高 穿 有点 短 ,偏短
穿 很 合适 ,尺码合适
合适 ,尺码合适
刚好 合身 不 紧 ,尺码合适
码 正好 ,尺码合适
可以 参考 ,整体满意度佳
腿 码 有点 短 ,偏短
穿 码 合身 ,尺码合适
正好 ,尺码合适
码 正好 ,尺码合适
算是 正好 ,尺码合适
买 刚好 ,尺码合适
码 大 ,偏大
码数 就 大 一点点 ,偏大
码数 稍微 大 一点点 ,偏大
身高 穿 码 竟然 还是 有点 长 ,偏长
正好 ,尺码合适
尺码 刚 合适 ,尺码合适
穿 号 正好 ,尺码合适
正好 ,尺码合适
非常 合身 ,尺码合适
大小 合适 ,尺码合适
很 合身 ,尺码合适
码 刚好 ,尺码合适
穿 码 正 合适 ,尺码合适
正好 挺 休闲 ,尺码合适
穿 号 刚刚 好 ,尺码合适
穿 号 很 合适 ,尺码合适
合适 ,尺码合适
身高 穿 码 还 长 ,偏长
居然 穿 码 还是 大 ,偏大
合身 舒服 ,尺码合适
合身 舒服 ,舒适度佳
正好 ,尺码合适
合身 ,尺码合适
码 也 合适 ,尺码合适
正好 ,尺码合适
穿 合适 ,尺码合适
穿 码 刚好 还是 不错 ,尺码合适
正 合适 ,尺码合适
号 可以 穿 膝盖 比较 合身 迷彩 绿 很 漂亮 ,尺码合适
号 可以 穿 膝盖 比较 合身 迷彩 绿 很 漂亮 ,颜色外形美观
穿 正 合适 ,尺码合适
模特 身材 比例 均 码 完美 仅 供 参考 ,尺码合适
穿 合适 ,尺码合适
体重 号 有点 小 ,偏小
码 非常 合身 ,尺码合适
穿 还有 点 大 ,偏大
老公 穿 刚刚 好 ,尺码合适
前来 报道 正 合适 ,尺码合适
穿 算是 正好 ,尺码合适
买 不错 ,整体满意度佳
穿 号 正 合适 ,尺码合适
穿 号 正好 ,尺码合适
款式 还 可以 ,设计好
男友 穿着 说 有点 大 ,偏大
正好 供 参考 ,尺码合适
码 正好 ,尺码合适
穿 最 大号 穿着 正好 ,尺码合适
身高 体重 码 挺 合适 ,尺码合适
都 比 背心 大多 ,偏大
穿 合适 ,尺码合适
肩 部位 穿 最 大号 合身 ,尺码合适
合身 衣服 质量 可以 ,做工优良
感觉 裤子 很大 ,偏大
正好 ,尺码合适
身高 挺 汉子 穿着 很 舒服 ,舒适度佳
买 很 划算 ,性价比高
大 促 就 好 ,整体满意度佳
日 降 到 ,价格波动
降价 伤 心 ,价格波动
高 尺码 合适 ,尺码合适
衣服 是 宽松 型 ,宽松
物流 超 快 ,配送快
快递 还 丢了 ,丢件
天 到 ,配送快
天 就 到 ,配送快
好 ,整体满意度佳
宝贝 穿 正好 ,尺码合适
买 有点 大 ,行为建议
穿着 也 大大 ,偏大
穿 号 都 显 大 ,偏大
破 裤子 还 不能 处理 ,处理不积极
多 价格 不 值得 ,性价比低
身高 穿 合适 ,尺码合适
穿 码 刚好 ,尺码合适
号 拍 今天就到 完美 ,配送快
码 刚刚 合适 ,尺码合适
码 正好 ,尺码合适
穿着 合适 ,尺码合适
正常 脚 合适 ,尺码合适
刚刚 好 ,尺码合适
小时 降价 ,价格波动
小时 就 到 ,配送快
码 刚刚 好 ,尺码合适
大小 正 合适 ,尺码合适
码 刚好 合适 ,尺码合适
码 大小 正好 ,尺码合适
码 太 大 ,偏大
码 很 舒适 ,舒适度佳
码 正好 ,尺码合适
合适 ,尺码合适
码 合适 ,尺码合适
码 正好 ,尺码合适
号 就 到 ,配送快
号 才 发货 ,发货慢
腰围 穿 刚好 ,尺码合适
九九 钱 买 垃圾 衣服 ,整体满意度差
九九 超 值 ,性价比高
就 到 ,配送快
刚好 ,尺码合适
还是 大 ,偏大
x 还是 有点 小了 ,偏小
天 就 到 ,配送快
天 就 到 ,配送快
天 就 到 很 快 包 是 正品 产地 泰国 ,原装正品
天 就 到 家 ,配送快
天 就 到货 ,配送快
腰围 裤 长 穿 很 合适 ,尺码合适
腰围 合 可以 穿 ,尺码合适
时间 就 到 ,配送快
鞋 非常 合适 ,尺码合适
码 合适 ,尺码合适
码 正好 ,尺码合适
没 弹性 ,弹性差
钱 性价比 太 高 ,性价比高
多 克 充绒量 厚实 ,厚实
多 性价比 非常 很 高 ,性价比高
码 偏大 一点点 ,偏大
码 合适 裤子 有 弹性 ,尺码合适
说 耐克 有 假 还 不 信 ,正品与否
买 不错 ,整体满意度佳
码 刚刚 好 ,尺码合适
码 比 平时 穿 尺寸 大一码 ,偏大
买 过来 还是 比较 大 ,行为建议
比 围度 稍 大 丢 ,偏大
度 舒适 ,舒适度佳
赞 ,整体满意度佳
合适 ,尺码合适
长 宽 都 适合 ,描述适合
买 到 真是 划算 ,性价比高
脚 穿 很 合适 ,尺码合适
码 正好 ,尺码合适
真 好看 ,颜色外形美观
脚 码 正好 ,尺码合适
码 很 合适 ,尺码合适
码 正好 = = 平时 一般 穿 ,尺码合适
码 脚 没 货 ,库存情况
会 更 舒适 上 脚 轻便 ,轻巧轻便
买 刚刚 好 ,尺码合适
码 鞋子 袜子 就 刚刚 好 ,尺码合适
脚 码 ,尺码合适
对 刚刚 好 ,尺码合适
活动 也 给力 ,优惠活动
点 尺码 正 合适 ,尺码合适
买 刚刚 好 ,尺码合适
泡沫 很 轻 ,轻巧轻便
码 刚刚 好 ,尺码合适
码 刚好 ,尺码合适
耐磨 ,耐磨
耐磨 不用 说 ,耐磨
都 有点 小 ,偏小
九九 洗 次 都 无法 接受 这样 掉色 ,掉色
穿 上 感觉 不是 很 好看 ,颜色外形欠佳
脚 穿 刚刚 好 ,尺码合适
码 刚好 合适 ,尺码合适
码 正好 nice ,尺码合适
码 脚 穿 码 刚刚 好 ,尺码合适
码 鞋 码 正 合适 鞋子 开始 穿 有点 脚背 比较 高 穿 有点 吃力 ,尺码合适
穿 长 一点点 ,偏长
合适 本人 ,尺码合适
正好 ,尺码合适
刚好 ,尺码合适
号 客服 服务 挺 好的 ,客服态度好
天 就 到 ,配送快
儿子 很 喜欢 ,整体满意度佳
月 初 就 降价 ,价格波动
买 贵 ,性价比低
多 点 正品 耐克 很 不错 ,原装正品
多 李宁 穿着 也 挺 舒服 ,舒适度佳
刚刚 好 ,尺码合适
刚好 ,尺码合适
竟然 还 大了 ,偏大
脚 穿 很 短 ,偏短
小了 退 换 ,偏小
码 很 合适 ,尺码合适
刚好 ,尺码合适
有点 小 换 刚好 ,偏小
略微 长 ,偏长
一样 可以 穿 ,整体满意度佳
脚 买 正好 合适 ,尺码合适
脚 穿 正好 合适 ,尺码合适
码 恰到好处 ,尺码合适
穿 感觉 微 微 偏大 ,偏大
脚 穿着 合适 ,尺码合适
鞋子 一天 开胶 假 ,正品与否
鞋子 一天 开胶 假 ,脱胶
指头 非常 合适 ,尺码合适
点 脚 穿着 合适 ,尺码合适
刚刚 好 ,尺码合适
码 鞋子 有点 小 ,偏小
衣服 很 好 很 正 太 贵 ,性价比低
刚刚 好 ,尺码合适
脚 穿着 正好 ,尺码合适
码 合适 ,尺码合适
码 正好 ,尺码合适
穿 上 合适 ,尺码合适
正 合适 ,尺码合适
号 舒 舒服 服 ,舒适度佳
码 够 长 ,偏长
穿 合身 ,尺码合适
很 有 弹性 ,弹性佳
还 没有 洗 很 有 弹性 服务 很 好 ,客服态度好
码 标准 尺码 ,尺码合适
码 非常 合适 ,尺码合适
穿 还 肥大 ,偏大
穿 刚好 ,尺码合适
九九 买 鞋子 奇 臭 无比 ,气味问题
九九 价格 觉得 贵 ,性价比低
九九 鞋子 还有 脚 臭 真是 遇见 有 种 被 坑 感觉 值得 谨慎 ,气味问题
号 客服 很 耐心 很 细致 ,客服态度好
号 正 合适 ,尺码合适
天 就 开胶 坏 ,脱胶
折 到 手 ,优惠活动
脚 多 正好 合适 很 合脚 ,尺码合适
码 非常 合适 ,尺码合适
多 买 很 值 ,性价比高
多 大 不 值得 ,性价比低
刚好 合适 ,尺码合适
款 穿 都 够 大了 ,偏大
感觉 合适 ,尺码合适
上身 偏 瘦 合身 ,尺码合适
上身 偏 瘦 穿着 合身 ,尺码合适
号 正好 ,尺码合适
给 参考 ,无效信息
折扣 买 ,优惠活动
买了 码 码数 正好 ,尺码合适
买 有点 大 ,行为建议
穿 很 合适 ,尺码合适
穿 正好 ,尺码合适
穿 码 居然 刚好 ,尺码合适
都 好 穿 ,尺码合适
刚好 ,尺码合适
穿 觉得 刚刚 好 ,尺码合适
码 正 合适 ,尺码合适
穿 码 还有 点 大 ,偏大
码 字 合适 ,尺码合适
还是 质量 好 ,做工优良
裤子 合适 ,尺码合适
太 大了 ,偏大
期待 活动 ,期待活动
正 合适 ,尺码合适
稍微 宽松 ,宽松
也 是 合适 ,尺码合适
超 好看 ,颜色外形美观
顺丰快递 果然 快 ,配送快
正品 没 错 很多 细节 都 可以 看出 来 ,原装正品
代 鞋底 比 代 更 舒服 ,舒适度佳
确实 就 大了 ,偏大
偏小 平时 穿 ,偏小
袜子 都 不如 估计 是 假 ,正品与否
分 好评 ,整体满意度佳
刚刚 好 ,尺码合适
刚刚 好 钱 货 贵 感觉 不一样 问 要 如何 清洗 ,尺码合适
问 要 如何 清洗 ,清洁保养
刚刚 好 鞋底 挺 软 挺 舒服 喜欢 ,柔软
刚刚 好 鞋底 挺 软 挺 舒服 喜欢 ,舒适度佳
刚好 ,尺码合适
刚好 大 好看 不 打滑 ,颜色外形美观
刚好 鞋子 很 轻 比较 柔和 就是 穿着 感觉 有点 倾 好评 ,尺码合适
刚好 鞋子 很 轻 比较 柔和 就是 穿着 感觉 有点 倾 好评 ,轻巧轻便
折扣 买 太 划算 ,优惠活动
鞋底 很 软 觉得 不错 就 没有 去 验 货 ,柔软
拿到 有点味 道 鞋底 很 软 觉得 不错 就 没有 去 验 货 ,气味问题
合适 ,尺码合适
回来 太 小 ,偏小
大了 还是 买 正常 码 就 行 ,偏大
大小 合适 ,尺码合适
大的 不是 一点点 ,偏大
好 有点 磨脚 ,磨脚
就 挺 合适 ,尺码合适
就 行 鞋子 很 舒服 很 棒 ,舒适度佳
尺码 正好 合脚 ,尺码合适
居然 也 有点 小 ,偏小
应该 是 正 正好 ,尺码合适
很 合脚 挺 喜欢 物流 真的 很 快 节假日 大 半个 中国 天 就 到 ,尺码合适
很 合脚 挺 喜欢 物流 真的 很 快 节假日 大 半个 中国 天 就 到 ,配送快
很 合适 ,尺码合适
感觉 还是 大了 ,偏大
感觉 还是 小了 ,偏小
感觉 还是 有点 小 ,偏小
就 合适 ,尺码合适
才 穿着 舒服 ,舒适度佳
折 超 划算 ,优惠活动
换 还是 挤 脚 ,舒适度欠佳
断 货 心酸 过 天 还 降价 ,库存情况
断 货 心酸 过 天 还 降价 十分 心酸 肥肠 心酸 ,价格波动
星 不 多 说 快 服务 好 ,客服态度好
星 不 多 说 快 服务 好 ,配送快
星 好评 ,整体满意度佳
星 尺码 正好 穿着 很 舒服 打 场 实战 还 不错 物流 很 好 非常 快 ,尺码合适
星 尺码 正好 穿着 很 舒服 打 场 实战 还 不错 物流 很 好 非常 快 ,舒适度佳
星 尺码 正好 穿着 很 舒服 打 场 实战 还 不错 物流 很 好 非常 快 ,配送快
春秋 穿 合适 ,尺码合适
月 日 就 到货 ,配送快
有 小了 ,偏小
有点 小 ,偏小
确实 有点 小了 ,偏小
有点 长 不过 还 行 ,偏长
正好 ,尺码合适
正好 ,尺码合适
没有 货 ,库存情况
也 刚好 ,尺码合适
买了 刚好 ,尺码合适
听 客服 买 很 舒服 ,舒适度佳
专柜 看 一样 都 有点 不 很 平 整 ,与实体店一致
库存 不 多 没有 换货 ,库存情况
没有 换货 大 走路 不会 掉 ,偏大
库存 不 多 没有 换货 大 走路 不会 掉 ,库存情况
感觉 刚刚 好 超级 感觉 挺 好 ,柔软
感觉 刚刚 好 超级 感觉 挺 好看 也好 穿 好评 ,颜色外形美观
正 合适 ,尺码合适
正好 ,尺码合适
顺风 老 快 ,配送快
码 正好 ,尺码合适
穿着 都 刚刚 好 ,尺码合适
耐克 正好 ,尺码合适
脚 穿 码 脚背 刚刚 好 ,尺码合适
脚 结果 还 夹脚 ,舒适度欠佳
脚 都 觉得 小 ,偏小
超 合适 ,尺码合适
还 小 ,偏小
都 大 得 穿不了 ,偏大
鞋 码 非常 合适 ,尺码合适
码 刚刚 合适 ,尺码合适
码 刚刚 好 ,尺码合适
码 刚刚 好 鞋子 确实 有点味 道 多 凉 会 也许 会 好 ,气味问题
码 很 合适 介于 间 脚 ,尺码合适
码 正 合适 ,尺码合适
码 没 货 拍 码 ,库存情况
码 还 蛮 合脚 ,尺码合适
码 都 可以 ,整体满意度佳
穿 也 只是 宽松 不算 很多 ,宽松
袜子 也 比较 厚 ,厚实
穿着 也 还 算 正好 快递 真的 是 超级 快 穿着 跑 一天 步 感觉 还 不错 ,配送快
穿着 大 ,偏大
穿着 贼 舒服 ,舒适度佳
穿 号 正好 ,尺码合适
结果 到货 试 还有 点 总体 上来 讲 蛮 不错 ,偏大
脚 瘦 就是 好 ,整体满意度佳
穿 正好 有 一点点 味道 不 影响 还是 很 舒服 ,舒适度佳
袜子 大了 码 ,偏大
换货 邮 递 也 是 顺丰 很 快 ,配送快
回 买 也 非常 合适 ,尺码合适
有点 大 ,偏大
都 偏小 ,偏小
都 可以 款式 怎么 觉得 长 不止 码 ,偏长
都 小了 挤 脚 ,偏小
体重 脂肪 多 穿 刚好 ,尺码合适
合身 ,尺码合适
码 刚好 ,尺码合适
穿 合适 ,尺码合适
选 码 大小 合适 ,尺码合适
多 买 艾格 裤子 好 划算 ,性价比高
价格 也 很 优惠 ,性价比高
六一八 买 才 很 值 ,性价比高
六一八 买 挺 值 ,性价比高
六一八 买 炒鸡 值 ,性价比高
快递 天 就 到 ,配送快
六一八 买 价格 挺 实惠 ,性价比高
六一八 买 便宜 ,性价比高
六一八 买 很 超 值 ,性价比高
六一八 买 最 值 东西 ,性价比高
六一八 买 老 划算 ,性价比高
六一八 价格 很 划算 ,性价比高
六一八 价格 比 平时 实惠 很多 ,性价比高
六一八 价格 给力 ,性价比高
六一八 价格 美丽 ,性价比高
六一八 价格 美腻 会 回购 ,意向顾客
六一八 优惠 力度 很大 ,优惠活动
六一八 做 活动 买了 仙人掌 图案 帆布 包 ,优惠活动
六一八 入手 超 划算 ,性价比高
六一八 划算 ,性价比高
六一八 半价 到 手 ,优惠活动
六一八 又 要 降价 ,价格波动
六一八 发货 慢 ,发货慢
六一八 打折 买 ,优惠活动
六一八 折扣 给力 ,优惠活动
六一八 时候 优惠 下来 钱 很 划算 老 爸 很 喜欢 ,性价比高
六一八 活动 买 ,优惠活动
六一八 活动 买 赚 到 ,优惠活动
六一八 活动价 九九 买 ,优惠活动
六一八 活动价 还是 挺 合算 ,优惠活动
六一八 活动 很 划算 ,优惠活动
六一八 活动 很 给力 ,优惠活动
六一八 活动 满减 非常 划算 ,优惠活动
六一八 活动 给力 ,优惠活动
六一八 价格 超 划算 ,性价比高
穿 上去 显得 特别 好看 ,颜色外形美观
六一八 节日 对折 很 划算 ,优惠活动
六一八 裤子 便宜 ,性价比高
六一八 超 划算 买了 样 ,性价比高
六一八 还 快 ,配送快
六一八 价格 超 值 ,性价比高
六一八 降价 多 ,价格波动
六一八 降价 ,价格波动
活动 买 ,优惠活动
号 挺 合适 ,尺码合适
码 很 合适 ,尺码合适
穿 很 合适 ,尺码合适
穿 正好 ,尺码合适
穿 刚好 ,尺码合适
穿 合适 ,尺码合适
选 码 很 宽松 ,宽松
可以 ,整体满意度佳
快递 给 满分 没 毛病 顺丰 就是 快 ,配送快
物流 快 ,配送快
穿 号 刚好 ,尺码合适
码 很 合适 很 不错 ,尺码合适
穿 很 合身 ,尺码合适
号 就 大 降价 ,价格波动
折 很 超 值 ,优惠活动
月 活动 入手 ,优惠活动
月 号 收到 货 月 就 九九 降 到 九九 ,价格波动
月 日 活动价 又 便宜 还 可以 满 减 ,优惠活动
月 日 运动 专场 活动 时 入 ,优惠活动
买 最 号 正好 ,尺码合适
很 合适 ,尺码合适
号 正好 ,尺码合适
刚好 码 ,尺码合适
号 很 合身 ,尺码合适
抢到 物美价廉 就 可以 纯棉 柔软 舒服 ,舒适度佳
码 正好 ,尺码合适
穿 很 合身 ,尺码合适
穿 码 很 修身 ,尺码合适
穿 正好 ,尺码合适
穿 合适 ,尺码合适
很 好 很 合适 ,尺码合适
刚好 ,尺码合适
大小 刚好 ,尺码合适
有 质量 好 ,做工优良
刚好 ,尺码合适
选 正好 ,尺码合适
可以 ,整体满意度佳
给 号码 表 不 准确 ,尺码偏差
码 小了 ,偏小
穿 尺寸 刚好 防震 效果 不错 ,尺码合适
穿 尺寸 刚好 防震 效果 不错 ,缓震
穿 码 很 合身 ,尺码合适
买 刚刚 好 ,尺码合适
体重 穿 正 合适 ,尺码合适
穿 正好 合身 ,尺码合适
穿 正好 ,尺码合适
刚好 ,尺码合适
穿 码 正 合适 ,尺码合适
穿 码 ,尺码合适
穿 号 正 合适 ,尺码合适
腰围 穿着 正好 ,尺码合适
号 就 到 东北 吉 林 市 真是 太 惊喜 ,配送快
尺码 穿 上 挺 合适 ,尺码合适
可以 穿 ,整体满意度佳
穿 码 刚好 ,尺码合适
穿 略 有点 小 ,偏小
穿 刚刚 好 ,尺码合适
很 合适 ,尺码合适
多 男生 用 有点 短 ,偏短
人 终于 找到 合适 裤子 ,尺码合适
穿 很 合适 ,尺码合适
体重 非常 合适 ,尺码合适
穿着 合适 ,尺码合适
当 外套 穿 特别 合适 ,尺码合适
码 蛮 合适 支撑 性 很 好 ,尺码合适
穿 码 ,尺码合适
选 正好 ,尺码合适
买 还是 大了 ,偏大
穿 刚好 ,尺码合适
穿 合身 ,尺码合适
买 穿着 正 合适 ,尺码合适
低于 五折 收 下 ,优惠活动
节 突然 看到 降价 ,价格波动
节日 折扣 ,优惠活动
都 优惠 到 多 ,优惠活动
降价 ,价格波动
袖口 特别 大 ,偏大
差价 商家 退 不 退 ,商家补偿
穿 刚刚 好 ,尺码合适
穿 合适 ,尺码合适
臀围 选 码 正 合身 ,尺码合适
九九 买 还 好 ,整体满意度佳
穿着 合适 ,尺码合适
值得 购买 ,性价比高
号 就 到 ,配送快
号 下 单 今天 就 给 到 真心 快 ,配送快
号 售后服务 很 到位 ,客服态度好
做工 不错 童 鞋底 不 防滑 ,抓地力差
做 最好 是 衣领 ,整体满意度佳
是 穿过 最 适合 最 舒服 牛仔裤 比 都 好 ,舒适度佳
库存 管理 还有 客服 都 让我 很 崩溃 ,库存情况
库存 管理 还有 客服 都 让我 很 崩溃 ,客服态度差
裤子 选 对了 码数 版型 都 很 好 ,版型不错
在 双十一 价格 力度 真的 比 平时 抵 多 ,优惠活动
牛仔裤 就是 好 穿 ,整体满意度佳
东西 一直 很 棒 ,整体满意度佳
东西 真的 很 好 ,整体满意度佳
牛仔裤 多 数 都 有 弹性 ,弹性佳
很 骚气 配色 脚感 也 很 舒适 有 溢胶 无 伤 大 雅 很 满意 ,舒适度佳
有 溢胶 无 伤 大 雅 很 满意 ,溢胶
气垫 走路 起来 脚 舒服 ,气垫效果好
穿 起来 还是 很 舒服 ,舒适度佳
也 是 一如既往 得 舒服 ,舒适度佳
服务 态度 真的 太 差 ,客服态度差
推荐 码数 很 合适 ,尺码合适
杯 不到 窝 终于 找到 合适 内衣 ,尺码合适
穿 合适 ,尺码合适
超级 喜欢 ,整体满意度佳
还 客服 很 耐心 ,客服态度好
很 合身 穿 超级 舒服 ,舒适度佳
售后 是 真的 好 ,客服态度好
比 正常 稍微 大 一点点 ,偏大
货 越南 产 ,产地信息
衣服 质量 一直 都 很 好 ,做工优良
cool 就是 有点 毡 毛 物流 超 快 第二天就到 不过 袜子 有点 缩水 ,缩水
cool 就是 有点 毡 毛 物流 超 快 第二天就到 不过 袜子 有点 缩水 ,配送快
最 爱 ,整体满意度佳
技术 的确 穿 上 很 凉爽 ,透气
ems 也 挺 快 ,配送快
ems 太 慢 ,配送慢
ems 居然 第二天就到 ,配送快
ems 很 快 下 单 一天 就 到 ,配送快
ems 慢 要 死 ,配送慢
ems 慢 ,配送慢
ems 简直 差劲 慢 到 死 ,配送慢
ems 非常 快 ,配送快
完全 不好 穿 ,穿脱困难
esprit 质量 还是 有 保证 ,做工优良
e 家 尺码 就是 难 解 谜 ,尺码偏差
服务 很 好 ,客服态度好
系列 都 不错 ,整体满意度佳
gou 屎 一样 服务 态度 ,客服态度差
guess 一直 都 喜欢 ,意向顾客
guess 版型 比 其他 品牌 好 ,版型不错
guess 产品 就是 好大 牌 设计 超 值 价格 太 棒 ,性价比高
guess 版型 好 ,版型不错
guess 版型 很 好 ,版型不错
guess 牛仔裤 就是 非常 舒服 ,舒适度佳
guess 衣服 很 好 穿 也 很 好看 ,颜色外形美观
guess 质量 挺 好的 ,做工优良
好 ,整体满意度佳
好 发货 就 慢 ,整体满意度佳
好 发货 就 慢 ,发货慢
好看 ,颜色外形美观
好看 ,颜色外形美观
白 略 硬 穿 太 热 ,偏硬
美丽 ,颜色外形美观
舒服 ,舒适度佳
非常 满意 ,整体满意度佳
holister 沙滩 裤 很 好看 ,颜色外形美观
价廉物美 ,性价比高
价廉物美 ,颜色外形美观
就是 舒服 ,舒适度佳
尺码 偏大 ,偏大
衣服 真的 很 好 很 舒服 ,舒适度佳
衣服 真的 特别 舒服 ,舒适度佳
衣服 真的 穿 上 软软 超 舒服 ,舒适度佳
喜欢 ,整体满意度佳
鞋子 好看 ,颜色外形美观
种 草 十分 十分 分 好看 ,颜色外形美观
打折 很 划算 ,优惠活动
果然 很 可以 ,整体满意度佳
款式 深 心 ,设计好
衣服 就是 好 ,整体满意度佳
衣服 总是 好看 ,颜色外形美观
系列 品牌 款式 时尚 做工 优质 ,做工优良
价格 太 划算 ,性价比高
工装 裤 版型 没的说 ,版型不错
衣服 比 质量 好 ,做工优良
顺丰快递 很 快 ,配送快
包装 造 工 真的 不一般 ,包装完好
特别 漂亮 ,颜色外形美观
不 厚 ,不厚
很 棒 ,整体满意度佳
很 喜欢 ,整体满意度佳
旗舰店 客服 都 很 不错 ,客服态度好
外套 是 欧 版 要 比 正常 号 大一号 换货 历程 不 回 首 ,偏大
喜欢 ,整体满意度佳
很 满意 ,整体满意度佳
穿 很 合身 ,尺码合适
试 还 行 ,整体满意度佳
上 还有 胶 ,溢胶
也 很 正品 ,原装正品
亲 反馈 一样 ,与详情页一致
色 应该 是 白色 结果 是 灰色 劣质 感觉 不知道 是不是 正品 ,正品与否
性感 爱 nike ,整体满意度佳
感觉 是 假 ,正品与否
感觉 质量 很 次 ,做工粗糙
做工 也 不 太 讲究 ,做工粗糙
还 会 褪色 ,掉色
颜色 搭配 好看 ,搭配性强
很 棒 ,整体满意度佳
号 刚刚 好 ,尺码合适
号 刚好 ,尺码合适
号 刚好 合身 ,尺码合适
号 正好 ,尺码合适
号 衣服 不大 ,无效信息
号 裤子 腰 有点 大 ,偏大
合适 ,尺码合适
客服 很 细心 认真 回答 问题 ,客服态度好
有点 挤 最好 大一号 不过 超 舒服 ,舒适度佳
正 合适 ,尺码合适
正好 ,尺码合适
比较 合身 ,尺码合适
正好 ,尺码合适
算 刚好 ,尺码合适
码 刚好 ,尺码合适
码 合适 ,尺码合适
码 正好 ,尺码合适
衣服 很 薄 ,偏薄
超 合适 ,尺码合适
还是 小了 点 ,偏小
鞋子 挺 轻 ,轻巧轻便
也 是 可以 ,整体满意度佳
刚刚 好 ,尺码合适
刚好 ,尺码合适
号 体重 穿 刚好 ,尺码合适
号 刚好 ,尺码合适
号 刚好 合适 ,尺码合适
号 合身 ,尺码合适
号 合适 ,尺码合适
号 大小 刚好 ,尺码合适
号 尽然 大 ,偏大
号 正 合适 ,尺码合适
号 正好 ,尺码合适
合适 ,尺码合适
相差 很多 有点 厚 ,偏厚
大小 合适 ,尺码合适
大 很多 ,偏大
感觉 还是 大了 欧 美 码 就是 大 很多 ,偏大
有 弹性 不 透 很 好 手感 很 舒适 ,弹性佳
有 弹性 不 透 很 好 手感 很 舒适 ,手感好
正 合 好 ,尺码合适
正好 ,尺码合适
比 想象 中 大 ,偏大
略 有点 小 ,偏小
合适 ,尺码合适
真的 小 ,偏小
码 ,尺码合适
码 也 非常 合适 ,尺码合适
码 修身 效果 ,尺码合适
码 修身 效果 ,版型不错
码 偏大 ,偏大
码 刚刚 好 ,尺码合适
码 刚好 ,尺码合适
码 刚好 合适 ,尺码合适
码 合适 ,尺码合适
码 合适 正好 ,尺码合适
码 合适 自己 ,尺码合适
码 孩子 穿 挺 合适 ,尺码合适
码 很 合适 ,尺码合适
码 正 合适 ,尺码合适
码 正好 ,尺码合适
码 刚好 ,尺码合适
码 完全 够 穿 ,尺码合适
码 稍微 大 ,偏大
码 本人 ,尺码合适
还是 大了 ,偏大
nice 正品 无异 ,原装正品
nice 不过 舒适度 一般 讲 真 ,整体满意度中
nice 女朋友 送 很 喜欢 准备 过 天 再 入手 件 唯一 缺点 有点 长 ,偏长
nice 女朋友 送 很 喜欢 准备 过 天 再 入手 件 唯一 缺点 有点 长 ,意向顾客
nice 很 薄 透气 ,透气
nice 挺 好的 ,整体满意度佳
nice 绝对 可以 ,整体满意度佳
nice 质量 棒棒哒 ,做工优良
踩 开 气垫 感觉 明显 ,气垫效果好
nike 一如既往 好 ,整体满意度佳
nike 不错 ,整体满意度佳
nike 做工 真 不敢恭维 超级 差 ,做工粗糙
nike 做工 越来越 差 鞋 不 产 有点 略 大 ,做工粗糙
nike 勾 上 有 污点 ,存在污渍
nike 喜欢 很多 ,整体满意度佳
nike 好的 没得说 快递 也 很 快 好评 ,配送快
nike 官方旗舰店 相信 是 正品 ,原装正品
nike 官网 质量 也 不用 说 顺丰 包邮 好评 ,做工优良
nike 家 凉 鞋 一直 偏大 ,偏大
nike 就是 好 ,整体满意度佳
nike 店 服务 一如既往 好 ,客服态度好
nike 物流 很 快 ,配送快
nike 做工 真是 越来越 差 ,做工粗糙
nike 包装 都 很 不错 ,包装完好
nike 客服 不咋地 ,客服态度差
nike 客服 也 都 很 好 很 耐心 ,客服态度好
nike 技术 做工 ,做工优良
nike 服务 真心 没的说 ,客服态度好
nike 物流 是 真的 快 ,配送快
nike 衣服 版型 就是 好 ,版型不错
nike 质量 就是 好 ,做工优良
nike 质量 没的说 ,做工优良
nike 质量 肯定 放心 ,做工优良
nike 运动鞋 穿 码 ,尺码合适
nike 鞋 一直 会 是 备选 方案 ,意向顾客
nike 鞋子 还是 很 舒服 ,舒适度佳
nike 鞋 就是 有型 ,版型不错
nike 码 偏小 ,偏小
nike 舒服 应该 是 正品 ,原装正品
nike 质量 好 ,做工优良
nike 质量 还是 不错 ,做工优良
nike 还是 可以 ,整体满意度佳
nike 鞋 好 走 ,整体满意度佳
nike 鞋子 穿 起来 很 舒适 对得起 价格 ,舒适度佳
次 购买 ,意向顾客
刚刚 好 无 非常 舒适 ,尺码合适
刚刚 好 无 非常 舒适 ,舒适度佳
ok 习惯 好评 ,整体满意度佳
ok 合身 ,尺码合适
ok 能 说 蛮 贵 ,性价比低
应该 更 好看 ,颜色外形欠佳
价格 也 很 便宜 ,性价比高
系列 很 舒服 ,舒适度佳
本来 也 没 想 要 补 差价 ,商家补偿
鞋子 还 没收 到 就 降价 ,价格波动
客服 人员 回复 快速 ,回复速度快
尺码 不 准 ,尺码偏差
很 美貌 ,颜色外形美观
裤 长 稍 长 ,偏长
质量 非常 好 ,做工优良
系列 质量 又 好 又 舒服 ,做工优良
满意 ,整体满意度佳
一天 到 ,配送快
就是 快 ,配送快
很 快 ,配送快
速度 果然 不是 盖 ,配送快
速度 很 快 ,配送快
也 很 长 ,偏长
刚刚 好 ,尺码合适
刚好 ,尺码合适
的确 比 nike 其他 款 半号 ,偏小
版 版型 超级 好 性价比 最高 ,性价比高
很 赞 ,整体满意度佳
快 ,配送快
刚好 ,尺码合适
号 很 合身 ,尺码合适
号 偏大 穿 像 宇航员 ,偏大
号 刚好 ,尺码合适
号 合适 ,尺码合适
号 大小 正好 ,尺码合适
号 好 小 ,偏小
号 正好 ,尺码合适
号 就是 有点 大 ,偏大
号 都 很大 ,偏大
合身 ,尺码合适
合适 ,尺码合适
就 好 ,整体满意度佳
有点 大 ,偏大
正好 ,尺码合适
都 非常 大 ,偏大
真的 很 小 ,偏小
码 也 太 大了 ,偏大
码 偏小 ,偏小
码 刚刚 好 ,尺码合适
码 刚好 ,尺码合适
码 可以 穿 ,整体满意度佳
码 合适 ,尺码合适
码 大了 ,偏大
码 大小 合适 ,尺码合适
码 完全 不小 也 不 紧 ,尺码合适
码 宽容 合适 ,尺码合适
码 小了 换 码 很 薄 透 ,偏薄
码 小胸 穿 也 很 好看 ,颜色外形美观
码 还是 长 ,偏长
码 正 合适 ,尺码合适
码 正好 ,尺码合适
码 正 正好 ,尺码合适
码 还 偏大 ,偏大
码 还是 很 松 ,偏松
码 还是 有点 大了 ,偏大
码 适合 ,描述适合
穿 上去 都 感觉 比 买 过 其他 款 要 大 ,行为建议
都 大了 ,偏大
长度 合适 ,尺码合适
服务 也 很 好 ,客服态度好
穿 nike 毛 布 类 板 鞋 都 太 大 ,偏大
偏大 看好 再买 衣服 很 好 ,偏大
品质 很 棒 ,做工优良
太 小 穿 不 进去 ,偏小
不错 有点 弹性 ,弹性佳
偏长 ,偏长
大小 合适 ,尺码合适
很 有型 应该 是 正品 超级 喜欢 ,原装正品
料子 很 好 摸 着 很 舒服 就是 有 薄 感觉 男朋友 穿着 有点 漏 点 ,偏薄
料子 很 好 摸 着 很 舒服 就是 有 薄 感觉 男朋友 穿着 有点 漏 点 ,材质佳
显得 宽松 ,宽松
活动价 格 性价比 不错 ,优惠活动
面料 真的 很 舒服 ,材质佳
质量 很 不错 ,做工优良
旗 下 服装 质量 很 好 ,做工优良
一直 非常 喜欢 ,意向顾客
快递 很 快 ,配送快
好 鞋 物流 也 不愧 为 旗舰 ,配送快
发货 速度 真的 越来越 快 ,发货快
真的 很 棒 ,整体满意度佳
客服 很 耐心 ,客服态度好
太 棒 ,整体满意度佳
很 棒 ,整体满意度佳
的确 耐磨 ,耐磨
耐磨 橡胶 鞋底 偏硬 ,偏硬
耐磨 橡胶 鞋底 偏硬 ,耐磨
就 到 ,配送快
估计 更 舒适 本人 正常 脚型 ,舒适度佳
刚好 ,尺码合适
合适 ,尺码合适
正 合适 ,尺码合适
正好 ,尺码合适
比 弟弟 平常 买 还要 大 ,行为建议
比较 合身 略 宽松 ,宽松
码 合适 ,尺码合适
稍微 大了 ,偏大
穿着 有点 宽松 ,宽松
女生 可以 穿 ,整体满意度佳
也 偏大 ,偏大
偏小 ,偏小
刚刚 好 ,尺码合适
刚好 ,尺码合适
刚好 也 不 衣服 质量 挺 好的 ,做工优良
刚好 合适 ,尺码合适
刚好 挺 舒服 不 起球 双十一 能 理解 ,尺码合适
刚好 挺 舒服 不 起球 双十一 能 理解 ,舒适度佳
号 合适 ,尺码合适
合适 ,尺码合适
合适 服务 很 好 ,尺码合适
好 一般 舒适 可以 好 ,舒适度佳
很 合适 ,尺码合适
穿 都 感觉 有点 大 ,偏大
正好 ,尺码合适
码 正好 ,尺码合适
码 略 小 ,偏小
码 肩膀 刚 合适 ,尺码合适
稍微 小了 点 ,偏小
穿着 正 合适 ,尺码合适
超级 合身 ,尺码合适
还是 大了 不过 宽松 有 宽松 穿 法 终 大 促 很 划算 ,偏大
还是 大了 不过 宽松 有 宽松 穿 法 终 大 促 很 划算 ,性价比高
还是 很大 ,偏大
还是 有点 大了 ,偏大
都 大 ,偏大
都 大了 ,偏大
都 有点 大 之外 ,偏大
非常 合身 ,尺码合适
正好 ,尺码合适
不错 ,整体满意度佳
不错 物流 有待 改进 ,配送慢
很 好 ,整体满意度佳
跟 图片 一样 ,与详情页一致
鞋子 太 硬 ,偏硬
怀疑 买了 假 鞋 ,正品与否
很 舒服 ,舒适度佳
气垫 ,气垫效果好
气垫 很 棒 ,气垫效果好
回弹 效果 很 棒 ,弹性佳
值得 购买 ,性价比高
就是 出乎意料 地 小 ,偏小
发货 快 ,发货快
买 回来 试穿 着 还 真 有点 费劲 ,穿脱困难
剩下 都 挺 好的 鞋子 也 漂亮 ,颜色外形美观
开线 说 好 ,脱线
不过 总体 还是 蛮 满意 客服 态度 也 挺 好的 ,客服态度好
请 耐心 等待 回复 其实 都 不用 客服 人员 ,回复机械
简直 是 白菜 价 ,性价比高
东西 照片 有色 差 ,有色差
会 回购 款 ,意向顾客
客服 态度 非常 非常 差 ,客服态度差
鞋子 挺 好看 ,颜色外形美观
差评 差评 差评 差评 大写 加 粗 差评 ,整体满意度差
美滋滋 稍微 有点 偏小 ,偏小
收到 马上 打开 就 知道 是 正品 绝对 值得 ,原装正品
好看 ,颜色外形美观
差评 ,整体满意度差
赞 ,整体满意度佳
上 脚 就 感觉 很 舒服 ,舒适度佳
和平 时 穿 对比 明显 小了 很多 ,偏小
就 到 ,配送快
内裤 竟然 有 浮毛 ,掉毛
包装袋 都 没有 ,无品牌购物袋
字 好 正品 顺丰 发货 就 等 天 ,原装正品
字 帅 ,设计好
字 赞 ,整体满意度佳
东西 也 大 盒子 ,包装尺寸不合适
小 袋子 是 发票 ,发票问题
帽子 用 大 盒子 装 ,包装尺寸不合适
是 中国制造 ,产地信息
是 越南 制造 ,产地信息
就 到 ,配送快
特别 大的 箱子 送 来 ,包装尺寸不合适
鞋 盒子 那么大 箱子 装 ,包装尺寸不合适
买了 就 降价 ,价格波动
买 完 就 降价 ,价格波动
买 就 降价 多 ,价格波动
好看 ,颜色外形美观
件 好 长 ,偏长
件 衣服 用 大 盒子 ,包装尺寸不合适
件 穿 正好 ,尺码合适
价钱 货 褪色 严重 ,掉色
会 儿 就 脏 ,不耐脏
会 功夫 裤 定 磨 毛 片 ,不耐磨
会 发货 发错 ,错件
出 汗 就 滑 很 ,抓地力差
一分价钱一分货 鞋底 子 有点 硬 ,偏硬
钱 货 感觉 像 假 ,正品与否
都 好 ,整体满意度佳
都 很 好 ,整体满意度佳
刷 到 就 马上 下 单 穿 起来 很 舒服 ,舒适度佳
动 就 凉快 ,透气
多 钱 买 假 ,正品与否
袜子 用 大 盒子 装 ,包装尺寸不合适
鞋 卖家 用 很大 包装盒 ,包装尺寸不合适
鞋子 明显 压变形 ,变形
鞋 用 大的 纸 箱子 ,包装尺寸不合适
句 话 布料 真心 差 ,材质欠佳
只 变形 ,变形
只 喜欢 穿 华莱士 很 软 很 舒服 ,舒适度佳
只 溢胶 ,溢胶
只 磨脚 ,磨脚
只 脚 线头 有点 多 ,线头
只 袜子 有点 脏 ,描述耐脏
只 鞋 头 有 地方 胶 不是 很 严谨 ,脱胶
只 鞋子 上 有 线头 ,线头
只 鞋子 后跟 有 小块 磨损 ,不耐磨
只 鞋子 是 脏 ,描述耐脏
只 鞋 磨脚 ,磨脚
只 鞋 脏 ,描述耐脏
周 才 发货 ,发货慢
一味 机械 一样 ,回复机械
场 球 下来 就 磨 掉 ,不耐磨
钱 衣服 也 是 脏 ,描述耐脏
堆 污渍 ,存在污渍
股 胶味 ,气味问题
一天 回复 就 算 快 ,回复速度慢
一天 下来 旁 边 都 磨破 ,磨脚
一天 到 ,配送快
一天 到 东北 鞋子 也 很 舒服 就是 有点 不好 穿 略 紧 ,舒适度佳
一天 到 东北 鞋子 也 很 舒服 就是 有点 不好 穿 略 紧 ,配送快
一天 到 ,配送快
一天 到位 吸汗 效果 还 不错 ,吸汗
一天 到 手 ,配送快
一天 到 ,配送快
一天 到货 ,配送快
一天 到货 非常 好 ,配送快
一天 到 鞋子 也好 匹 简直 完美 ,配送快
一天 就 到 ,配送快
一天 多 就 到 ,配送快
一天 就 到 ,配送快
一天 就 到 ,配送快
一天 就 到 ,配送快
一天 就 到 ,配送快
一天 就 到 给力 ,配送快
一天 就 到 速度 很 快 衣服 有点 大 ,偏大
一天 就 到 速度 很 快 衣服 有点 大 ,配送快
一天 就 到 手 ,配送快
一天 就 到货 ,配送快
一天 就 到货 ,配送快
一天 就 有点 磨 起球 ,起球
一天 时间 就 到 ,配送快
一天 都 不到 就 到 ,配送快
套 搭 起来 很 好看 ,搭配性强
套 效果 不错 ,版型不错
套 薄薄的 穿着 肯定 特别 舒服 ,舒适度佳
一如既往 地 合身 舒适 ,舒适度佳
一如既往 地 好 ,整体满意度佳
一如既往 地 好评 ,整体满意度佳
一如既往 地 好 阿 ,整体满意度佳
一如既往 地 满意 ,整体满意度佳
一如既往 地 舒服 ,舒适度佳
一如既往 好 ,整体满意度佳
一如既往 好 客服 服务 非常 好 ,客服态度好
一如既往 好评 舒服 ,舒适度佳
一如既往 很 好 ,整体满意度佳
一如既往 感觉 好 ,整体满意度佳
一如既往 支持 保暖 ,保暖
一如既往 不错 ,整体满意度佳
一如既往 合脚 ,尺码合适
一如既往 喜欢 ,整体满意度佳
舒服 不要不要的 ,舒适度佳
一如既往 喜欢 继续 买 买 买 ,意向顾客
一如既往 好 ,整体满意度佳
一如既往 好 买 过 无数 次 都 挺 好 都 买 件 ,意向顾客
一如既往 好 品质 ,做工优良
一如既往 好 哈 感觉 穿着 最 舒服 喜欢 喜欢 喜欢 ,舒适度佳
一如既往 好好 ,整体满意度佳
一如既往 好 穿 ,整体满意度佳
一如既往 好评 ,整体满意度佳
一如既往 完美 ,整体满意度佳
一如既往 快 ,配送快
一如既往 快递 超 棒 ,配送快
一如既往 棒 ,整体满意度佳
一如既往 满意 ,整体满意度佳
一如既往 舒服 ,舒适度佳
一如既往 舒适 ,舒适度佳
一如既往 赞 ,整体满意度佳
一如既往 还 不错 ,整体满意度佳
字 肩 很 好看 ,颜色外形美观
字 肩 得 绝 美 搭配 ,搭配性强
字 肩 白 连 衣 裙 清新 又 凉爽 ,透气
一定 会 再次 光顾 ,意向顾客
一定 会 力 荐 真的 很 不错 款式 也好 看 ,设计好
一定 是 假货 ,正品与否
一定 是 正品 ,原装正品
一定 要 买 正码 ,行为建议
一定 要 半号 没有 给 开发 票 ,发票问题
一定 要 给 件 推荐 ,意向顾客
一定 要 给 快递员 好评 ,快递态度好
一家 不错 店 ,整体满意度佳
小块 污垢 ,存在污渍
小块 污渍 ,存在污渍
小时 回 句 ,回复速度慢
儿子 表示 太 小 ,偏小
并 赞 ,整体满意度佳
开始 不知道 是不是 正品 ,原装正品
开始 发货 很 慢 换 码数 发 顺丰 还 不用 钱 服务 很 好 ,客服态度好
开始 发货 很 慢 换 码数 发 顺丰 还 不用 钱 服务 很 好 ,发货慢
开始 味道 有点 大 就 好 ,气味问题
开始 寄 错 货 ,错件
开始 拍 小了 码 ,行为建议
开始 挺 舒服 ,舒适度佳
开始 有点 掉毛 ,掉毛
开始 穿 太 磨脚 其他 都 还 好 ,磨脚
开始 穿 有点 硬 ,偏硬
开始 被 尺码 对照表 误导 ,尺码偏差
开始 还 把 脚 后跟 磨破 ,磨脚
开始 还有 点 不 习惯 穿 天 还是 比较 舒服 ,舒适度佳
开 箱 就 股 浓 浓 塑料味 冲 出来 ,气味问题
开 箱 试穿 大小 正好 合脚 ,尺码合适
打开 股 子 塑料味 ,气味问题
打开 味道 好 重 ,气味问题
打开 塑料味 很 重 ,气味问题
打开 气味 很大 ,气味问题
打开 味 真的 太 大 ,气味问题
打开 鞋 盒 股 莆田 假 鞋 塑胶 味 面 袭 来 熏 得 ,气味问题
打开 鞋 盒 股 莆田 假 鞋 塑胶 味 面 袭 来 熏 得 ,正品与否
拆 盒子 就 味 冒 出来 ,气味问题
拿 回来 就 知道 是 假 ,正品与否
拿 就 下来 非常 刺鼻 气味 ,气味问题
搬 布料 薄 ,偏薄
摸 衣服 就 知道 是 正版 ,原装正品
收到 盒子 就 烂 成 这样 ,包装破损
收到 货 鞋带 就 掉线 ,脱线
不在 复盖 配送 范围 ,范围无法覆盖
星期 就 磨 得 不要不要的 ,不耐磨
是 脚掌 太 硬 ,偏硬
是 包裹 不 送 ,未送货上门
是 有点 磨 后跟 ,磨脚
就 到 ,配送快
有 活动 就 买 买 买 ,优惠活动
运动 裤 用 大的 盒子 装 ,包装尺寸不合适
一样 价格 跟 在 实体店 买 完全 不是 档次 ,与实体店不一致
一样 号 买 另 比 大了 ,偏大
一样 码 却 比 件 宽松 还 掉色 ,尺码偏差
一样 码 却 比 件 宽松 还 掉色 ,掉色
一样 舒服 ,舒适度佳
一样 舒服 ,舒适度佳
检查 鞋子 也 有 瑕疵 ,瑕疵
模 就是 正品 ,原装正品
一次 不错 购物 ,整体满意度佳
一次 买 有 活动 还是 很 划算 ,优惠活动
一次 买了 红色 也 很 好看 ,颜色外形美观
一次性 衣服 穿 一次 图案 就 裂 开 质量 很 差 ,做工粗糙
一次性 鞋 脚 刚 开始 适应 鞋 穿 星期 开胶 ,脱胶
一次 愉快 交易 ,整体满意度佳
一次 愉快 交易 ,整体满意度佳
一次 最 最 最 不 愉快 购物 ,整体满意度差
一次 满意 网购 ,整体满意度佳
一次 满意 购物 ,整体满意度佳
一次 满意 购物 女朋友 说 好看 就是 快点 慢 了点 ,颜色外形美观
一次 满意 购物 女朋友 说 好看 就是 快点 慢 了点 ,配送慢
一次 满意 购物 玩 板 穿 起来 很 舒服 ,舒适度佳
一次 非常 不 愉快 购物 ,整体满意度差
款 很 不错 包 包 ,整体满意度佳
段 时间 容易 闷 ,闷气
水 严重 掉色 ,掉色
泡 脸 盆 水 变 色 ,掉色
一波三折 最终 合适 ,尺码合适
洗 就 会 变 色 ,掉色
洗 掉色 ,掉色
不 透气 ,闷气
也 不好 ,整体满意度差
也 不舒服 脚 疼 死 疯 ,舒适度欠佳
也 不 重 ,无效信息
也 不 防滑 宝宝 很 容易 滑 倒 ,抓地力差
味道 都 没有 ,无异味
多 才 刷 到 库存 ,库存情况
大 ,偏大
差价 也 不 退 ,商家补偿
性价比 也 没有 ,性价比低
没有 味道 ,无异味
一点点 卷 边 收到 效果 薄 ,偏薄
一点点 大 ,偏大
一点点 溢胶 ,溢胶
一点点 瑕疵 ,瑕疵
礼品 不 送 让 人 失望 ,期待赠品
色差 也 没 ,无色差
色差 都 没 ,无色差
色差 都 没有 ,无色差
都 不 合脚 ,穿着不适